{
  "source": {
    "include": ["src/js", "src/components", "src/utils"],
    "includePattern": "\\.(js|ts)$",
    "exclude": ["node_modules", "dist", "docs"]
  },
  "opts": {
    "destination": "docs/",
    "recurse": true,
    "readme": "README.md"
  },
  "plugins": ["plugins/markdown"],
  "templates": {
    "cleverLinks": true,
    "monospaceLinks": true,
    "default": {
      "outputSourceFiles": true
    },
    "systemName": "AirPure",
    "footer": "",
    "copyright": "AirPure © 2024",
    "navType": "vertical",
    "theme": "default",
    "linenums": true,
    "collapseSymbols": false,
    "inverseNav": true
  },
  "markdown": {
    "hardwrap": false,
    "idInHeadings": true
  }
}
